brand	manufacturers_id	name	description	room_image_url	fiber	texture	warranty
Decorative Carpets	1	After Five	Carpet can be ordered in any style or color.  Contact us for more information.		Decorative Carpets Custom	Decorative Carpets Custom	
Decorative Carpets	2	Alta Mura	Carpet can be ordered in any style or color.  Contact us for more information.		Decorative Carpets Custom	Decorative Carpets Custom	
Decorative Carpets	3	Amazon Tiger	Carpet can be ordered in any style or color.  Contact us for more information.		Decorative Carpets Custom	Decorative Carpets Custom	
Decorative Carpets	4	American Beauty	Carpet can be ordered in any style or color.  Contact us for more information.		Decorative Carpets Custom	Decorative Carpets Custom	
Decorative Carpets	5	Andorra	Carpet can be ordered in any style or color.  Contact us for more information.		Decorative Carpets Custom	Decorative Carpets Custom	
Decorative Carpets	6	April	Carpet can be ordered in any style or color.  Contact us for more information.		Decorative Carpets Custom	Decorative Carpets Custom	
Decorative Carpets	7	Aries	Carpet can be ordered in any style or color.  Contact us for more information.		Decorative Carpets Custom	Decorative Carpets Custom	
Decorative Carpets	8	Balboa	Carpet can be ordered in any style or color.  Contact us for more information.		Decorative Carpets Custom	Decorative Carpets Custom	
Decorative Carpets	9	Battery	Carpet can be ordered in any style or color.  Contact us for more information.		Decorative Carpets Custom	Decorative Carpets Custom	
Decorative Carpets	10	Bella Vista	Carpet can be ordered in any style or color.  Contact us for more information.		Decorative Carpets Custom	Decorative Carpets Custom	
Decorative Carpets	11	Block Print	Carpet can be ordered in any style or color.  Contact us for more information.		Decorative Carpets Custom	Decorative Carpets Custom	
Decorative Carpets	12	Broadway	Carpet can be ordered in any style or color.  Contact us for more information.		Decorative Carpets Custom	Decorative Carpets Custom	
Decorative Carpets	13	Carmen	Carpet can be ordered in any style or color.  Contact us for more information.		Decorative Carpets Custom	Decorative Carpets Custom	
Decorative Carpets	14	Carnegie Hall	Carpet can be ordered in any style or color.  Contact us for more information.		Decorative Carpets Custom	Decorative Carpets Custom	
Decorative Carpets	15	Casale	Carpet can be ordered in any style or color.  Contact us for more information.		Decorative Carpets Custom	Decorative Carpets Custom	
Decorative Carpets	16	Cascade	Carpet can be ordered in any style or color.  Contact us for more information.		Decorative Carpets Custom	Decorative Carpets Custom	
Decorative Carpets	17	Central Park	Carpet can be ordered in any style or color.  Contact us for more information.		Decorative Carpets Custom	Decorative Carpets Custom	
Decorative Carpets	18	Chiaroscuro	Carpet can be ordered in any style or color.  Contact us for more information.		Decorative Carpets Custom	Decorative Carpets Custom	
Decorative Carpets	19	Circle Within	Carpet can be ordered in any style or color.  Contact us for more information.		Decorative Carpets Custom	Decorative Carpets Custom	
Decorative Carpets	20	City Lights	Carpet can be ordered in any style or color.  Contact us for more information.		Decorative Carpets Custom	Decorative Carpets Custom	
Decorative Carpets	21	Claire	Carpet can be ordered in any style or color.  Contact us for more information.		Decorative Carpets Custom	Decorative Carpets Custom	
Decorative Carpets	22	Cobblestone	Carpet can be ordered in any style or color.  Contact us for more information.		Decorative Carpets Custom	Decorative Carpets Custom	
Decorative Carpets	23	Crackle	Carpet can be ordered in any style or color.  Contact us for more information.		Decorative Carpets Custom	Decorative Carpets Custom	
Decorative Carpets	24	Dinari	Carpet can be ordered in any style or color.  Contact us for more information.		Decorative Carpets Custom	Decorative Carpets Custom	
Decorative Carpets	25	Divisadero	Carpet can be ordered in any style or color.  Contact us for more information.		Decorative Carpets Custom	Decorative Carpets Custom	
Decorative Carpets	26	Effervescent	Carpet can be ordered in any style or color.  Contact us for more information.		Decorative Carpets Custom	Decorative Carpets Custom	
Decorative Carpets	27	El Paseo	Carpet can be ordered in any style or color.  Contact us for more information.		Decorative Carpets Custom	Decorative Carpets Custom	
Decorative Carpets	28	Embarcadero	Carpet can be ordered in any style or color.  Contact us for more information.		Decorative Carpets Custom	Decorative Carpets Custom	
Decorative Carpets	29	Evergreen	Carpet can be ordered in any style or color.  Contact us for more information.		Decorative Carpets Custom	Decorative Carpets Custom	
Decorative Carpets	30	Freemont	Carpet can be ordered in any style or color.  Contact us for more information.		Decorative Carpets Custom	Decorative Carpets Custom	
Decorative Carpets	31	French Connection	Carpet can be ordered in any style or color.  Contact us for more information.		Decorative Carpets Custom	Decorative Carpets Custom	
Decorative Carpets	32	Geary	Carpet can be ordered in any style or color.  Contact us for more information.		Decorative Carpets Custom	Decorative Carpets Custom	
Decorative Carpets	33	Genevieve	Carpet can be ordered in any style or color.  Contact us for more information.		Decorative Carpets Custom	Decorative Carpets Custom	
Decorative Carpets	34	Geometric	Carpet can be ordered in any style or color.  Contact us for more information.		Decorative Carpets Custom	Decorative Carpets Custom	
Decorative Carpets	35	Gigi	Carpet can be ordered in any style or color.  Contact us for more information.		Decorative Carpets Custom	Decorative Carpets Custom	
Decorative Carpets	36	Golden Gate	Carpet can be ordered in any style or color.  Contact us for more information.		Decorative Carpets Custom	Decorative Carpets Custom	
Decorative Carpets	37	Gramercy Park	Carpet can be ordered in any style or color.  Contact us for more information.		Decorative Carpets Custom	Decorative Carpets Custom	
Decorative Carpets	38	Greenwich	Carpet can be ordered in any style or color.  Contact us for more information.		Decorative Carpets Custom	Decorative Carpets Custom	
Decorative Carpets	39	Half Moon	Carpet can be ordered in any style or color.  Contact us for more information.		Decorative Carpets Custom	Decorative Carpets Custom	
Decorative Carpets	40	Harlequin	Carpet can be ordered in any style or color.  Contact us for more information.		Decorative Carpets Custom	Decorative Carpets Custom	
Decorative Carpets	41	Interlock	Carpet can be ordered in any style or color.  Contact us for more information.		Decorative Carpets Custom	Decorative Carpets Custom	
Decorative Carpets	42	Isla Vista	Carpet can be ordered in any style or color.  Contact us for more information.		Decorative Carpets Custom	Decorative Carpets Custom	
Decorative Carpets	43	Kaleidoscope	Carpet can be ordered in any style or color.  Contact us for more information.		Decorative Carpets Custom	Decorative Carpets Custom	
Decorative Carpets	44	La Playa	Carpet can be ordered in any style or color.  Contact us for more information.		Decorative Carpets Custom	Decorative Carpets Custom	
Decorative Carpets	45	Labyrinth	Carpet can be ordered in any style or color.  Contact us for more information.		Decorative Carpets Custom	Decorative Carpets Custom	
Decorative Carpets	46	Larkin	Carpet can be ordered in any style or color.  Contact us for more information.		Decorative Carpets Custom	Decorative Carpets Custom	
Decorative Carpets	47	Maiden Lane	Carpet can be ordered in any style or color.  Contact us for more information.		Decorative Carpets Custom	Decorative Carpets Custom	
Decorative Carpets	48	Malika	Carpet can be ordered in any style or color.  Contact us for more information.		Decorative Carpets Custom	Decorative Carpets Custom	
Decorative Carpets	49	Manhattan	Carpet can be ordered in any style or color.  Contact us for more information.		Decorative Carpets Custom	Decorative Carpets Custom	
Decorative Carpets	50	Mark	Carpet can be ordered in any style or color.  Contact us for more information.		Decorative Carpets Custom	Decorative Carpets Custom	
Decorative Carpets	51	Metro	Carpet can be ordered in any style or color.  Contact us for more information.		Decorative Carpets Custom	Decorative Carpets Custom	
Decorative Carpets	52	Ming	Carpet can be ordered in any style or color.  Contact us for more information.		Decorative Carpets Custom	Decorative Carpets Custom	
Decorative Carpets	53	Minorca	Carpet can be ordered in any style or color.  Contact us for more information.		Decorative Carpets Custom	Decorative Carpets Custom	
Decorative Carpets	54	Mod	Carpet can be ordered in any style or color.  Contact us for more information.		Decorative Carpets Custom	Decorative Carpets Custom	
Decorative Carpets	55	Ovation	Carpet can be ordered in any style or color.  Contact us for more information.		Decorative Carpets Custom	Decorative Carpets Custom	
Decorative Carpets	56	Palmerie	Carpet can be ordered in any style or color.  Contact us for more information.		Decorative Carpets Custom	Decorative Carpets Custom	
Decorative Carpets	57	Prism	Carpet can be ordered in any style or color.  Contact us for more information.		Decorative Carpets Custom	Decorative Carpets Custom	
Decorative Carpets	58	Rivet	Carpet can be ordered in any style or color.  Contact us for more information.		Decorative Carpets Custom	Decorative Carpets Custom	
Decorative Carpets	59	San Remo	Carpet can be ordered in any style or color.  Contact us for more information.		Decorative Carpets Custom	Decorative Carpets Custom	
Decorative Carpets	60	Scribble	Carpet can be ordered in any style or color.  Contact us for more information.		Decorative Carpets Custom	Decorative Carpets Custom	
Decorative Carpets	61	Sgraffito	Carpet can be ordered in any style or color.  Contact us for more information.		Decorative Carpets Custom	Decorative Carpets Custom	
Decorative Carpets	62	Shattered	Carpet can be ordered in any style or color.  Contact us for more information.		Decorative Carpets Custom	Decorative Carpets Custom	
Decorative Carpets	63	Soho	Carpet can be ordered in any style or color.  Contact us for more information.		Decorative Carpets Custom	Decorative Carpets Custom	
Decorative Carpets	64	Sonoran	Carpet can be ordered in any style or color.  Contact us for more information.		Decorative Carpets Custom	Decorative Carpets Custom	
Decorative Carpets	65	Spatter	Carpet can be ordered in any style or color.  Contact us for more information.		Decorative Carpets Custom	Decorative Carpets Custom	
Decorative Carpets	66	Square Overlay	Carpet can be ordered in any style or color.  Contact us for more information.		Decorative Carpets Custom	Decorative Carpets Custom	
Decorative Carpets	67	Summer	Carpet can be ordered in any style or color.  Contact us for more information.		Decorative Carpets Custom	Decorative Carpets Custom	
Decorative Carpets	68	Sunburst	Carpet can be ordered in any style or color.  Contact us for more information.		Decorative Carpets Custom	Decorative Carpets Custom	
Decorative Carpets	69	Sunny	Carpet can be ordered in any style or color.  Contact us for more information.		Decorative Carpets Custom	Decorative Carpets Custom	
Decorative Carpets	70	Target	Carpet can be ordered in any style or color.  Contact us for more information.		Decorative Carpets Custom	Decorative Carpets Custom	
Decorative Carpets	71	Tribeca	Carpet can be ordered in any style or color.  Contact us for more information.		Decorative Carpets Custom	Decorative Carpets Custom	
Decorative Carpets	72	Urban Web	Carpet can be ordered in any style or color.  Contact us for more information.		Decorative Carpets Custom	Decorative Carpets Custom	
Decorative Carpets	73	Winter	Carpet can be ordered in any style or color.  Contact us for more information.		Decorative Carpets Custom	Decorative Carpets Custom	
Decorative Carpets	74	Zigzagged	Carpet can be ordered in any style or color.  Contact us for more information.		Decorative Carpets Custom	Decorative Carpets Custom	
Decorative Carpets	75	Barkly	Carpet can be ordered in any style or color.  Contact us for more information.		Decorative Carpets Custom	Decorative Carpets Custom	
Decorative Carpets	76	Clarissa	Carpet can be ordered in any style or color.  Contact us for more information.		Decorative Carpets Custom	Decorative Carpets Custom	
Decorative Carpets	77	D'Este	Carpet can be ordered in any style or color.  Contact us for more information.		Decorative Carpets Custom	Decorative Carpets Custom	
Decorative Carpets	78	Deco Rose	Carpet can be ordered in any style or color.  Contact us for more information.		Decorative Carpets Custom	Decorative Carpets Custom	
Decorative Carpets	79	Emily	Carpet can be ordered in any style or color.  Contact us for more information.		Decorative Carpets Custom	Decorative Carpets Custom	
Decorative Carpets	80	Lillian	Carpet can be ordered in any style or color.  Contact us for more information.		Decorative Carpets Custom	Decorative Carpets Custom	
Decorative Carpets	81	Lisbon	Carpet can be ordered in any style or color.  Contact us for more information.		Decorative Carpets Custom	Decorative Carpets Custom	
Decorative Carpets	82	Maple Leaves	Carpet can be ordered in any style or color.  Contact us for more information.		Decorative Carpets Custom	Decorative Carpets Custom	
Decorative Carpets	83	Mums	Carpet can be ordered in any style or color.  Contact us for more information.		Decorative Carpets Custom	Decorative Carpets Custom	
Decorative Carpets	84	Munir	Carpet can be ordered in any style or color.  Contact us for more information.		Decorative Carpets Custom	Decorative Carpets Custom	
Decorative Carpets	85	Pandora	Carpet can be ordered in any style or color.  Contact us for more information.		Decorative Carpets Custom	Decorative Carpets Custom	
Decorative Carpets	86	Penninsula	Carpet can be ordered in any style or color.  Contact us for more information.		Decorative Carpets Custom	Decorative Carpets Custom	
Decorative Carpets	87	Rob	Carpet can be ordered in any style or color.  Contact us for more information.		Decorative Carpets Custom	Decorative Carpets Custom	
Decorative Carpets	88	Rob Border	Carpet can be ordered in any style or color.  Contact us for more information.		Decorative Carpets Custom	Decorative Carpets Custom	
Decorative Carpets	89	Ruby	Carpet can be ordered in any style or color.  Contact us for more information.		Decorative Carpets Custom	Decorative Carpets Custom	
Decorative Carpets	90	Sophie	Carpet can be ordered in any style or color.  Contact us for more information.		Decorative Carpets Custom	Decorative Carpets Custom	
Decorative Carpets	91	Sorrento	Carpet can be ordered in any style or color.  Contact us for more information.		Decorative Carpets Custom	Decorative Carpets Custom	
Decorative Carpets	92	Spoleto	Carpet can be ordered in any style or color.  Contact us for more information.		Decorative Carpets Custom	Decorative Carpets Custom	
Decorative Carpets	93	Spring	Carpet can be ordered in any style or color.  Contact us for more information.		Decorative Carpets Custom	Decorative Carpets Custom	
Decorative Carpets	94	Sunrise Wings	Carpet can be ordered in any style or color.  Contact us for more information.		Decorative Carpets Custom	Decorative Carpets Custom	
Decorative Carpets	95	Valary	Carpet can be ordered in any style or color.  Contact us for more information.		Decorative Carpets Custom	Decorative Carpets Custom	
Decorative Carpets	96	Vera	Carpet can be ordered in any style or color.  Contact us for more information.		Decorative Carpets Custom	Decorative Carpets Custom	
Decorative Carpets	97	Ziara	Carpet can be ordered in any style or color.  Contact us for more information.		Decorative Carpets Custom	Decorative Carpets Custom	
Decorative Carpets	98	Burbank	Carpet can be ordered in any style or color.  Contact us for more information.		Decorative Carpets Custom	Decorative Carpets Custom	
Decorative Carpets	99	Ipanema	Carpet can be ordered in any style or color.  Contact us for more information.		Decorative Carpets Custom	Decorative Carpets Custom	
Decorative Carpets	100	Kingston	Carpet can be ordered in any style or color.  Contact us for more information.		Decorative Carpets Custom	Decorative Carpets Custom	
Decorative Carpets	101	Manchester	Carpet can be ordered in any style or color.  Contact us for more information.		Decorative Carpets Custom	Decorative Carpets Custom	
Decorative Carpets	102	Endless Stripes	Carpet can be ordered in any style or color.  Contact us for more information.		Decorative Carpets Custom	Decorative Carpets Custom	
Decorative Carpets	103	Naples	Carpet can be ordered in any style or color.  Contact us for more information.		Decorative Carpets Custom	Decorative Carpets Custom	
Decorative Carpets	104	New Zealand	Carpet can be ordered in any style or color.  Contact us for more information.		Decorative Carpets Custom	Decorative Carpets Custom	
Decorative Carpets	105	Satin Stripes	Carpet can be ordered in any style or color.  Contact us for more information.		Decorative Carpets Custom	Decorative Carpets Custom	
Decorative Carpets	106	Sequoia	Carpet can be ordered in any style or color.  Contact us for more information.		Decorative Carpets Custom	Decorative Carpets Custom	
Decorative Carpets	107	Shasta	Carpet can be ordered in any style or color.  Contact us for more information.		Decorative Carpets Custom	Decorative Carpets Custom	
Decorative Carpets	108	Sierra	Carpet can be ordered in any style or color.  Contact us for more information.		Decorative Carpets Custom	Decorative Carpets Custom	
Decorative Carpets	109	Strata	Carpet can be ordered in any style or color.  Contact us for more information.		Decorative Carpets Custom	Decorative Carpets Custom	
Decorative Carpets	110	Valentino	Carpet can be ordered in any style or color.  Contact us for more information.		Decorative Carpets Custom	Decorative Carpets Custom	
Decorative Carpets	111	China	Carpet can be ordered in any style or color.  Contact us for more information.		Decorative Carpets Custom	Decorative Carpets Custom	
Decorative Carpets	112	Harris	Carpet can be ordered in any style or color.  Contact us for more information.		Decorative Carpets Custom	Decorative Carpets Custom	
Decorative Carpets	113	Marco Polo	Carpet can be ordered in any style or color.  Contact us for more information.		Decorative Carpets Custom	Decorative Carpets Custom	
Decorative Carpets	114	Midnight Cowboy	Carpet can be ordered in any style or color.  Contact us for more information.		Decorative Carpets Custom	Decorative Carpets Custom	
Decorative Carpets	115	Princeton	Carpet can be ordered in any style or color.  Contact us for more information.		Decorative Carpets Custom	Decorative Carpets Custom	
Decorative Carpets	116	Venice	Carpet can be ordered in any style or color.  Contact us for more information.		Decorative Carpets Custom	Decorative Carpets Custom	
Decorative Carpets	117	Aladdin	Carpet can be ordered in any style or color.  Contact us for more information.		Decorative Carpets Custom	Decorative Carpets Custom	
Decorative Carpets	118	Casablanca	Carpet can be ordered in any style or color.  Contact us for more information.		Decorative Carpets Custom	Decorative Carpets Custom	
Decorative Carpets	119	Copenhagen	Carpet can be ordered in any style or color.  Contact us for more information.		Decorative Carpets Custom	Decorative Carpets Custom	
Decorative Carpets	120	Crescent Drive	Carpet can be ordered in any style or color.  Contact us for more information.		Decorative Carpets Custom	Decorative Carpets Custom	
Decorative Carpets	121	France	Carpet can be ordered in any style or color.  Contact us for more information.		Decorative Carpets Custom	Decorative Carpets Custom	
Decorative Carpets	122	Kadeer	Carpet can be ordered in any style or color.  Contact us for more information.		Decorative Carpets Custom	Decorative Carpets Custom	
Decorative Carpets	123	Nancy	Carpet can be ordered in any style or color.  Contact us for more information.		Decorative Carpets Custom	Decorative Carpets Custom	
Decorative Carpets	124	Nepal	Carpet can be ordered in any style or color.  Contact us for more information.		Decorative Carpets Custom	Decorative Carpets Custom	
Decorative Carpets	125	O'Ryan	Carpet can be ordered in any style or color.  Contact us for more information.		Decorative Carpets Custom	Decorative Carpets Custom	
Decorative Carpets	126	Petite Arabesque	Carpet can be ordered in any style or color.  Contact us for more information.		Decorative Carpets Custom	Decorative Carpets Custom	
Decorative Carpets	127	Shadi	Carpet can be ordered in any style or color.  Contact us for more information.		Decorative Carpets Custom	Decorative Carpets Custom	
Decorative Carpets	128	Sunset Plaza	Carpet can be ordered in any style or color.  Contact us for more information.		Decorative Carpets Custom	Decorative Carpets Custom	
Decorative Carpets	129	Sussex	Carpet can be ordered in any style or color.  Contact us for more information.		Decorative Carpets Custom	Decorative Carpets Custom	
Decorative Carpets	130	Tiles	Carpet can be ordered in any style or color.  Contact us for more information.		Decorative Carpets Custom	Decorative Carpets Custom	
Decorative Carpets	131	Wessex	Carpet can be ordered in any style or color.  Contact us for more information.		Decorative Carpets Custom	Decorative Carpets Custom	
Decorative Carpets	132	Berries	Carpet can be ordered in any style or color.  Contact us for more information.		Decorative Carpets Custom	Decorative Carpets Custom	
Decorative Carpets	133	Cambria	Carpet can be ordered in any style or color.  Contact us for more information.		Decorative Carpets Custom	Decorative Carpets Custom	
Decorative Carpets	134	Edward	Carpet can be ordered in any style or color.  Contact us for more information.		Decorative Carpets Custom	Decorative Carpets Custom	
Decorative Carpets	135	Hint of Silk	Carpet can be ordered in any style or color.  Contact us for more information.		Decorative Carpets Custom	Decorative Carpets Custom	
Decorative Carpets	136	Houndstooth	Carpet can be ordered in any style or color.  Contact us for more information.		Decorative Carpets Custom	Decorative Carpets Custom	
Decorative Carpets	137	Huntley	Carpet can be ordered in any style or color.  Contact us for more information.		Decorative Carpets Custom	Decorative Carpets Custom	
Decorative Carpets	138	Sadaf	Carpet can be ordered in any style or color.  Contact us for more information.		Decorative Carpets Custom	Decorative Carpets Custom	